Name,Artist,Album,Seed,Seed Group,Plays,Genre
Step Off My Flower Bed,Nase,"OC ReMix, Secret of Mana",1,0,98,Game
Forever Until Tomorrow,"Star Salzman, Paul Baxter","OC ReMix, Chrono Trigger",2,0,63,Game
Great Job!,"Insert Rupee (Ben Briggs, halc)","OC ReMix, Zelda 03: A Link to the Past",3,0,61,Game
Dalmatian Station,Jake Kaufman,Mighty Switch Force! 2 OST,4,0,67,Game
Fleeting Ecstasy,Ben Briggs,"OC ReMix, Super Mario 64",5,0,134,Game
Main Theme,Koji Kondo,Super Mario 64 OST,6,0,117,Game
Burning Up,DJ Redlight,"OC ReMix, Dr. Mario",7,0,114,Game
Aesop Rock - No Jumpercables (Goron Village),Team Teamwork,The Ocarina of Rhyme,8,0,111,Hip-Hop
Inspector Strago,AeroZ,"OC ReMix, Final Fantasy VI",9,0,109,Game
Crash / Restore (Emotions),Ziwtra,"OC ReMix, Xenogears: Gears",10,0,109,Game
First Time on Outset,halc,"OC ReMix, Zelda 08: Wind Waker",11,0,104,Game
Chrono Moonstone,"LSD, Shnabubula","OC ReMix, Chrono Trigger",12,0,81,Game
Airships Make Me Happy (The Highwind Takes to the Skies),Star Salzman,"OC ReMix, FFVII: Voices of the Lifestream - Order",13,0,74,Game
Lullaby Set,"Pam Swan, Shira Kammen",Braid OST,14,0,71,Game
BGM I,"Tim Follin, Geoff Follin",Silver Surfer OST,15,0,71,Game
I've Got 5 Skateboards Right Here,norg,"OC ReMix, Skate or Die",16,0,70,Game
Koopa Vs. Kefka [Super Mario World/Final Fantasy VI],Dhsu,"Bad Dudes, Bad Dudes EP",17,0,67,Game
BadAzz [Sephiroth (Final Fantasy VII)],PrototypeRaptor,"OC ReMix, BadAss: Boss Themes",18,0,63,Game
BGM II,"Tim Follin, Geoff Follin",Silver Surfer OST,19,0,60,Game
The Unbroken,Nutritious,"OC ReMix, Cave Story",20,0,59,Game
Staff Credits Redux,Zelda Reorchestrated,The Wind Waker,21,0,56,Game
Title (Double Dragon),Shnabubula,NES JAMS,22,0,52,Game
Title Screen,"Yoshito Hirano, Yuka Tsujiyoko",Paper Mario: The Thousand-Year Door OST,23,0,51,Game
Staff Roll,Katsuya Yamano,Teleroboxer OST,24,0,51,Game
Mind Over Antimatter,Parallelis,Intergalactic Dancefloor,25,0,50,Chiptune
Full Mast,"Preenus (SnappleMan, Jake Kaufman)","OC ReMix, Zelda 08: Wind Waker",26,0,50,Game
Chaos Nightmares,PrototypeRaptor,"OC ReMix, Sonic Adventure",27,0,48,Game
Dat Disjointed Chemical,Air3s,"OC ReMix, Sonic the Hedgehog 2",28,0,47,Game
"Outskirts of Time (Chrono Trigger, livetune remix)",livetune,Love SQ,29,0,46,Game
A New Day,Danimal Cannon,Roots,30,0,46,Chiptune
Tears of Blood (Castlevania II: Simon's Quest - Bloody Tears),Joshua Morse,VLAD,31,0,46,Game
There's Nothing Like Flying (Blackjack),DDRKirby(ISQ),"OC ReMix, FFVI: Balance and Ruin",32,0,44,Game
Mount Gulug,ajiponn,Final Fantasy IX Chips,33,0,42,Game
Cowabunga! (Technodrome ~ Let's Kick Shell! [Stage 4 BGM]),"WillRock, Juan Medrano","OC ReMix, TMNT: Shell Shocked",34,0,41,Game
Jungle,Jeroen Tel,Rhino Rumble OST,35,0,39,Game
Somebody Set Up Us the Bob-omb (Super Mario 64 Main Theme),Theory of N,"OC ReMix, Super Mario 64: Portrait of a Plumber",36,0,35,Game
TornadosaurusRex,PrototypeRaptor,"OC ReMix, Mega Man 9",37,0,33,Game
Windborne,Rozovian,"OC ReMix, Zelda 17: Breath of the Wild",38,0,32,Game
Kokiri Forest Jig (The Legend of Zelda: Ocarina of Time),"Josh Barron, The Travelers",Tribute Album 64,39,0,32,Game
Deku Palace,Theophany,Time's End II: Majora's Mask Remixed,40,0,30,Game
Gerudo Town - Day,"Manaka Kataoka, Yasuaki Iwata",The Legend of Zelda: Breath of the Wild OST,41,0,29,Game
Varia [ Metroid ],Auxcide,Speck,42,0,28,Chiptune
"Tales from Arctic Katamari Roundabouts, and You and I, in Cherry Blossom Season",Star Salzman,"OC ReMix, Katamari Forever",43,0,24,Game
Chrono Trigger Main Theme (Chrono Trigger),"The 8-Bit Big Band, Steven Feifke",Album 3 - Backwards Compatible,44,0,21,Game
MEGALOVANIA,Ro Panuganti,Fallen Hero,45,0,21,Game
Extinction Party,DarkEco,"OC ReMix, Lemmings",46,0,20,Game
Wild West Quadrant,Gavin Parker,Looney Tunes: Space Race (PS2) OST,47,0,18,Game
Battle Theme,Andrew Filipski,EPOCH: A Tribute to Chrono Trigger,48,0,17,Game
Battle! (Academy Ace Tournament),Toby Fox,Pokémon Scarlet and Violet OST,49,0,13,Game
Baccano!,Super Soul Bros.,Stritch's Brew,50,0,9,Anime
I Wanna Take You for a Ride (Inspired by Marvel vs. Capcom 2),"The 8-Bit Big Band, Lawrence",Album 4 - Game Changer,51,0,5,Game
Dolphin Ride,Monkey Kong,"OC ReMix, Donkey Kong Country",52,1,99,Game
Diamond Worlds,Platonist,"OC ReMix, Solar Jetman",53,1,92,Game
It's My Turn to Dream,Ben Briggs,"OC ReMix, Zelda 04: Link's Awakening",54,1,92,Game
Close Door All Way,Star Salzman,"OC ReMix, Chrono Trigger",55,1,85,Game
Dance Nation,bLiNd,"OC ReMix, Top Gear 2",56,1,81,Game
Electrolytic Man,"ambient, MaJIN_SaN, tomatsu","OC ReMix, Mega Man",57,1,78,Game
Contest,"Niwaka-Zu, Bunbunmaru, Lah++, Gocky-7 Alives",Tetris Blast OST,58,1,78,Game
Subterranean Kamikaze,"Juan Medrano, zircon","OC ReMix, Teenage Mutant Ninja Turtles IV",59,1,76,Game
C.H.E.E.T.A.H.,PrototypeRaptor,"OC ReMix, Cheetahmen II",60,1,75,Game
Wicked n' Floating,AeroZ,"OC ReMix, Final Fantasy V",61,1,75,Game
"LeChuck (Monkey Island) - Voodoo, Roots 'n Grog","Diggi Dis, Alex Jones","OC ReMix, Heroes vs. Villains",62,1,75,Game
Intense Color,"sephfire, SGX","OC ReMix, Mario Paint",63,1,70,Game
Nuclear Flash,"Juan Medrano, zircon","OC ReMix, Mega Man 2",64,1,70,Game
Why So Serious?,"Insert Rupee (Ben Briggs, halc)","OC ReMix, Super Mario Land",65,1,69,Game
The Whip's Memory,TGH,"OC ReMix, Castlevania: Portrait of Ruin",66,1,68,Game
Hyrule's Angel (The Sleeping Beauty),Game Over,"OC ReMix, Zelda 01: The Legend Of Zelda",67,1,67,Game
Drawing Game,Tim Follin,Pictionary OST,68,1,66,Game
The Forest That Never Sleeps,halc,"OC ReMix, Donkey Kong Country 2",69,1,65,Game
"Past, Present and Future Perfect",PROTO·DOME,The Legend Of Zelda: Essence of Lime,70,1,64,Game
Cherry Drive,coda,SOUNDS FROM 20XX [CTM1],71,1,61,Electronic
Rainbow Love Zone,Jake Kaufman,Mighty Switch Force! 2 OST,72,1,59,Game
Danger,Hiroki Kikuta,Secret of Mana OST,73,1,59,Game
Splash Wave,Hiroshi Kawaguchi,OutRun (Genesis) OST,74,1,57,Game
Caught Red Handed,Jake Kaufman,Mighty Switch Force! OST,75,1,56,Game
Thump Brothers (Brothers Bear GBA),Flexstyle,"OC ReMix, Donkey Kong Country 3: Double the Trouble!",76,1,56,Game
Flight of the Battery (Sonic & Knuckles),Ben Briggs,The Briggs Effect,77,1,54,Game
Through the Castle,Rockos,"OC ReMix, Super Mario World",78,1,48,Game
Lullaby of Flame,DDRKirby(ISQ),"OC ReMix, Touhou Chireiden: Subterranean Animism",79,1,48,Game
"Harvest Moon 64 - Disregard Farm, Acquire Fish",Ben Briggs,The Briggs Effect 2,80,1,46,Game
"Agahnim's Return, A Tribute to the Past",Thunderclash,Nostalgic Pleasure,81,1,46,Game
Funky Side Up,metaphist,"OC ReMix, Sonic & Knuckles",82,1,45,Game
"Town of Toads and Stickers, Decalberg","Masanobu Matsunaga, Saki Kurata, Shoh Muramaki, Yoshito Sekigawa, Yasuhisa Baba, Hiroki Morishita, Masanori Adachi, Kiyoshi Hazemoto, Tomoko Sano, Kosei Muraki, Hiroaki Hanaoka, Yasumasa Yamada",Paper Mario: Sticker Star OST,83,1,45,Game
Like a Boss,norg,Spectrum of Mana,84,1,45,Game
On the Wings of Dragons,"Lobos, Travis Morgan",Spectrum of Mana,85,1,45,Game
Funky's in da Forest (Forest Interlude),PANDAstar,Chip Country,86,1,44,Game
Livewire,Zef,Ground Zero,87,1,44,Chiptune
"Trigger, Please",Shnabubula,"OC ReMix, Chrono Trigger",88,1,44,Game
Don't Mess with Magnetman,The Megas,History Repeating: Blue,89,1,43,Game
Katamari On The Funk (Senor Coconut's Katamambo! remix),Uwe Schmidt,Katamari Forever OST,90,1,42,Game
Tengen Toppa Dairantou: Part 1 - Game Set (Super Smash Bros. series),OverClocked Assembled,"OC ReMix, Apex 2014: A New Challenger!!",91,1,42,Game
Credits (Rescue Girl),Jake Kaufman,Mighty Switch Force! 2 OST,92,1,39,Game
Space Ace,bLiNd,"OC ReMix, Gradius III",93,1,37,Game
Spacious Blue Sky,Falcom Sound Team jdk,Legend of Heroes: Trails of Cold Steel OST,94,1,33,Game
Matrimony Mixset (The Marrymore Bell Rings),DDRKirby(ISQ),"OC ReMix, Super Mario RPG: Window to the Stars",95,1,32,Game
Mischievous Robot,DM DOKURO,DM DOKURO Presents: Cave Story Arranged,96,1,30,Game
Acoustic Fields,Arceace,"OC ReMix, Spyro: Year of the Dragon",97,1,30,Game
Team Select,"Norio Hanzawa, Katsuhiko Suzuki, Atsushi Fujio, Shigemasa Matsuo",Rollergames OST,98,1,30,Game
Axis,Danimal Cannon,Lunaria,99,1,29,Metal
Firion N Maria (Will Take You to the Rebels) [The Rebel Army],PrototypeRaptor,"OC ReMix, Final Fantasy II: Rebellion",100,1,27,Game
The Reading Rainbow,8bit bEtty,Too Bleep to Blop,101,1,26,Chiptune
Dangerous Elements,Sam Dillard,Zelda Cinematica: A Symphonic Tribute,102,1,26,Game
Mare Undarum,Hylian Lemon,"OC ReMix, Paper Mario: The Thousand-Year Door",103,1,24,Game
The Path to Glory ~Theme of Bartz~,Juan Medrano,"OC ReMix, FFV: The Fabled Warriors ~I. WIND~",104,1,23,Game
Awake,Faseeh,OMEGA: A Tribute to Xenogears,105,1,23,Game
Light Plane,Noriyuki Iwadare,Super Smash Bros. Ultimate OST,106,1,23,Game
Everlasting Love + You,"Akitaka Tohyama, Leah Dizon",Katamari Forever OST,107,1,22,Game
Dragonborn Concerto,"Mazedude, Dhsu","OC ReMix, Elder Scrolls V: Skyrim",108,1,21,Game
Planet One (Level One),Marty Brueggemann,ROBOGIRL 2 (Journey the Stars),109,1,21,Chiptune
One Man and His Metal Gun!,PirateCrab,"OC ReMix, Final Fantasy VIII",110,1,20,Game
Pokemon RBY Theme,Super Soul Bros.,Stritch's Brew,111,1,20,Game
Hopes and Dreams,Ro Panuganti,Fallen Hero,112,1,18,Game
Bob-Omb Battlefield,Super Soul Bros.,Stritch's Brew,113,1,18,Game
Hydrocity Zone (Sonic the Hedgehog 3),"The 8-Bit Big Band, Grace Kelly",Album 3 - Backwards Compatible,114,1,16,Game
Winters,Super Soul Bros.,Motherlode,115,1,15,Game
Streamworks (Saliva Island),Jake Kaufman,Shantae and the Pirate's Curse OST,116,1,9,Game
A Ring and a Promise [Lamentation and a Promise (Prologue 2)],"bLiNd, Ashleigh Coryell","OC ReMix, Wild Arms: ARMed and DANGerous",117,2,96,Game
Shine Tonight,Poolside,"OC ReMix, Final Fantasy VIII",118,2,86,Game
Snow Field,tefnek,"OC ReMix, Contra",119,2,79,Game
Icarus,Trash80,Icarus,120,2,78,Chiptune
Agahnim Arsenik,AeroZ,"OC ReMix, Zelda 03: A Link to the Past",121,2,77,Game
Back 2 Skala,"ambient, Skrypnyk","OC ReMix, Chrono Trigger",122,2,75,Game
Of Sea and Fire (Bonds of Sea and Fire),Ziwtra,"OC ReMix, Xenogears: Humans",123,2,72,Game
Rainbow Road,Kenta Nagata,Mario Kart 64 OST,124,2,68,Game
Smooth As Honey [Hornet Dance (Hornet Man Stage)],J Damashii,"OC ReMix, Mega Man 9: Back in Blue",125,2,66,Game
The Scar-Sealing Girl (The Girl Who Stole the Star),"Geoffrey Taucer, Ross Kmet","OC ReMix, Radical Dreamers: Thieves of Fate",126,2,66,Game
Monstrous Turtles!,zircon,"OC ReMix, Super Mario World",127,2,60,Game
Wakeup,Jake Kaufman,"OC ReMoved, Toejam & Earl",128,2,58,Game
Cover Your Light,Zero Division,"OC ReMix, Deflektor",129,2,57,Game
Everything's Alright,Laura Shigihara,To the Moon OST,130,2,56,Game
Marihana on My Mind,halc,"halc, Chrono Cross",131,2,55,Game
Kick Your A,SGX,"OC ReMix, Beatmania IIDX 7th Style",132,2,54,Game
Area A,"Iku Mizutani, Kouichi Yamanishi",Shatterhand OST,133,2,54,Game
Aire Tam Break,Fishy,"OC ReMix, Final Fantasy VII",134,2,52,Game
Wizards in My Armor (Warrior in My Long-Johns),Trenthian,"OC ReMix, Wizards & Warriors",135,2,52,Game
Overworld (Super Mario World),Zebes System,DREAMERS ~A Tribute to Koji Kondo and Nobuo Uematsu~,136,2,50,Game
Morse's Morsecode,Joshua Morse,"OC ReMix, Fittest",137,2,50,Game
Shredder (Teenage Mutant Ninja Turtles) - Enter the Shredder,Danimal Cannon,"OC ReMix, Heroes vs. Villains",138,2,50,Game
Yesterday's Fragile Bird,bubu,The Daydream Elevator,139,2,49,Chiptune
Clouds,505,hYMns,140,2,49,Chiptune
Trancesaur,_ensnare_,Impeccable Micro,141,2,48,Chiptune
Incident Zero,Jake Kaufman,FX4,142,2,47,Chiptune
The Angels of Hell,Random Hero,"OC ReMix, Cave Story",143,2,47,Game
Time Traveller's Delight [Stardust Speedway JP],OverClocked Assembled,"OC ReMix, Sonic CD: Temporal Duality",144,2,46,Game
The Lunar Whale,Danimal Cannon,Parallel Processing,145,2,46,Chiptune
Credits,"Shogo Sakai, Seiichi Hamada, Takafumi Miura, Yuji Suzuki, Yusuke Takahama, Z. Yamanaka",Tantei Jinguuji Saburo: Toki no Sugiyuku Mama ni OST,146,2,46,Game
Wizball [live at The Church],Reyn Ouwehand,Wizball,147,2,45,Game
Adventure (DMGmix) (BONUS),Chipocrite,FZ: Side Z,148,2,43,Game
Schizophrenic [Collision Chaos JP],Kruai,"OC ReMix, Sonic CD: Temporal Duality",149,2,41,Game
"Doppelbanger (Preschtale, Part 6)",elmobo,Preschtale Variations,150,2,40,Electronic
The Second Truth From the Left,Hiroki Kikuta,Secret of Mana OST,151,2,40,Game
Radiance,"Ben Briggs, Level 99","OC ReMix, Mario Kart 64",152,2,39,Game
Boss Battle,"Sukezo Ouyama, Ryoue Takagi",Kirby's Block Ball OST,153,2,38,Game
Title screen,Ryo Nagamatsu,The Legend of Zelda: Tri Force Heroes OST,154,2,37,Game
Rogueport Sewers,"Yoshito Hirano, Yuka Tsujiyoko",Paper Mario: The Thousand-Year Door OST,155,2,37,Game
Whip This Beat [Castlevania II: Belmont's Revenge - Praying Hands (Cloud Castle BGM)],"Helicopter Knife Fight (Sir_NutS, Jivemaster)","OC ReMix, Legacy: Game Boy 25th Anniversary",156,2,31,Game
Bone Ark Madness (Castlevania Symphony of the Night - Rainbow Cemetery),Joshua Morse,VLAD II,157,2,31,Game
Sayuri's Reel,DDRKirby(ISQ),Celestial Melodies,158,2,30,Electronic
As The Sun Sets In Monaco,Laura Intravia,Monaco: The Gentleman's Private Collection,159,2,30,Game
Melee Medley / Zelda Theme,Super Soul Bros.,Live @ Poor House,160,2,29,Game
Level Theme 2,Charles Deenen,M.C. Kids OST,161,2,29,Game
Mummy Dance (Underground Forest Area),Mazedude,"OC ReMix, Milky Way Wishes: A Kirby Super Star Tribute",162,2,29,Game
Together We Will Stand (Together Always),"Eino Keskitalo, Jorito","OC ReMix, Secret of Mana: Resonance of the Pure Land",163,2,29,Game
Beyond the Mirror,Sam Dillard,Zelda Cinematica: A Symphonic Tribute,164,2,29,Game
"Spring Yard Zone (From ""Sonic the Hedgehog"")",The 8-Bit Big Band,Album 2 - Choose Your Character!,165,2,26,Game
Lucky Coin,Schtiffles,"OC ReMix, Pokémon Silver Version",166,2,25,Game
Dire on the Rocks,"FFmusic Dj, Geoffrey Taucer","OC ReMix, Super Mario 64",167,2,25,Game
Goddess (Zelda's Lullaby),Phonetic Hero,Goddess (Zelda's Lullaby),168,2,23,Game
Comeback of the Green Rabbit,Netrum,"OC ReMix, Jazz Jackrabbit",169,2,22,Game
Super Mario Land Underground (Super Mario Land),"The 8-Bit Big Band, Leo P.",Album 3 - Backwards Compatible,170,2,20,Game
Pizza in the Van,"Chidi Enyia, MMvsUSAF, Roqsteady, Samara Smith","OC ReMix, Teenage Mutant Ninja Turtles IV",171,2,20,Game
"Title (from ""Mega Man 3"")",Will Dawson,MENU: An Homage to Game Title Themes,172,2,19,Game
Mario Circuit,Super Soul Bros.,Stritch's Brew,173,2,19,Game
Death by Glamour,Ro Panuganti,Fallen Hero,174,2,18,Game
Red Streamer Battle,"Yoshito Sekigawa, Shoh Murakami, Yoshiaki Kimura, Hiroki Morishita, Fumihiro Isobe",Paper Mario: The Origami King OST,175,2,18,Game
Hyrule Castle,Manaka Kataoka,The Legend of Zelda: Breath of the Wild OST,176,2,17,Game
Monodon monoceros,Parallelis,Animalia,177,2,16,Chiptune
The Wight to Remain (4-3 ReMix),"Flexstyle, DjjD",Crypt of the NecroDancer: OverClocked OST,178,2,16,Game
Birdman,Dan Hess,Pilot Wings 64 OST,179,2,15,Game
"Battle! Vs. Champion, Battle! Vs. Red",HappyFunTimeGameBand,"Pixel Mixers, Pokémon Gold & Silver Catch This! Vol. 2: Goldenrod FM",180,2,15,Game
Things to Do in Scuttle Town!,Jake Kaufman,Shantae OST,181,2,13,Game
Jaw-Breaking News!,Tee Lopes,TMNT: Shredder's Revenge OST,182,2,11,Game
"Live Mega, Live Más (Live A Live)","Alejandro Espinosa, The OC Jazz Collective","OC ReMix, Mode Seven: A Jazz Tribute to the SNES",183,2,10,Game
The Savior of Dream Land (Coliseum Battle),Juan Medrano,"OC ReMix, Milky Way Wishes: A Kirby Super Star Tribute",184,2,9,Game
"Funk Into the Unknown (""Flight Into the Unknown"")",Andrew Thompson,EXCALIBUR: A Tribute to Secret of Mana,185,2,5,Game
Battle! (Tera Raid),Toby Fox,Pokémon Scarlet and Violet OST,186,2,5,Game
Route 228,insaneintherainmusic,Sinnohvation,187,2,5,Game
Penny,Lame Genie,Lame Genie Presents: Pokemon Scarlet & Violet (The Metal Album),188,2,2,Game
Main Titles,Michael Land,MI3 - The Curse of Monkey Island OST,189,3,111,Game
Devastation's Doorway,Sole Signal,"OC ReMix, Super Mario 64",190,3,107,Game
Aqueous Transgression,Sole Signal,"OC ReMix, Chrono Trigger",191,3,94,Game
Swingin' with Death,Nase,"OC ReMix, Castlevania: Harmony of Dissonance",192,3,91,Game
The Koan of Drums (Desolate Road),djpretzel,"OC ReMix, Summoning of Spirits: An Arrangement of Music from Tales of Phantasia and Tales of Symphonia - Disc 1",193,3,89,Game
On to Grasstown,Daisuke Amaya (Pixel),Cave Story OST,194,3,80,Game
Cool Mind,Dragonlord,"OC ReMix, Mega Man Zero 2",195,3,77,Game
Anthem of a Metroid Hunter,Big Giant Circles,"OC ReMix, Metroid II: Return of Samus",196,3,77,Game
Far Away Memories,Neil Benjamin,"OC ReMix, Chrono Trigger",197,3,74,Game
Sonic The Hedgehog 2 - Chemical Plant Zone,Retro Remix Revue,Volume 1,198,3,72,Game
Global Empire,"Sole Signal, Big Giant Circles, Tweex","OC ReMix, Jade Empire",199,3,71,Game
In Your Prime,Big Giant Circles,Super Metroid ~Reserve Tank VARIAtions~,200,3,71,Game
The Electric Flute,halc,"OC ReMix, Zelda 09: Four Swords Adventures",201,3,69,Game
Programmed To Fight (acoustic),The Megas,Get Acoustic,202,3,68,Game
Treasure Hunter,WillRock,"OC ReMix, Mega Man & Bass",203,3,66,Game
The Passing of the Blue Crown,"Juan Medrano, Steppo, zircon","OC ReMix, Mega Man 3",204,3,64,Game
Staff Credits,"Kenta Nagata, Hajime Wakai, Toru Minegishi, Koji Kondo",The Legend Of Zelda: The Wind Waker OST,205,3,63,Game
The Monkey Island Jazz,Jyrki Talvitie,Monkey Island Fan Music,206,3,63,Game
The Art of Zen,zircon,Antigravity,207,3,62,Electronic
Katana Blaster (Constantly Playing Mix),Mick Gordon,Impostor Nostalgia,208,3,61,Electronic
Power Trip,Nick Perrin,"OC ReMix, Contra Force",209,3,61,Game
Big Forest (Stage),"Hirokazu Ando, Tadashi Ikegami",Kirby's Dream Land 2 OST,210,3,59,Game
Kirby (Kirby) - The Life and Death of Kirby,"Insert Rupee (Ben Briggs, halc)","OC ReMix, Heroes vs. Villains",211,3,59,Game
Jackrabbit Transformer,Mazedude,"OC ReMix, Jazz Jackrabbit 2",212,3,54,Game
Battle (VS Trainer),Junichi Masuda,"Pokémon Red, Blue and Yellow OST",213,3,54,Game
Spanish Jitters (Jungle Jitter GBA),"David Wise, Robin Beanland, Level 99, Daniel Rosenqvist, Harmony, bustatunez, zyko, JJT, OceansAndrew, prophetik, Diggi Dis","OC ReMix, Donkey Kong Country 3: Double the Trouble!",214,3,51,Game
Final Blast,zabutom,zeta force,215,3,51,Chiptune
Her Smile in Every Summer,Hot Freaks,"OC ReMix, Zelda 08: Wind Waker",216,3,49,Game
This Song Got Me Pregnant,Kidd Cabbage,Spectrum of Mana,217,3,48,Game
Wanking with the Alien,"Midee, prozax","OC ReMix, Silver Surfer",218,3,47,Game
Wisdom Courage Power,metaphist,"OC ReMix, Zelda 05: Ocarina of Time",219,3,47,Game
Cave Story - Fields of Awesome,Viking Guitar,Made of Metal,220,3,45,Game
Clocktown,"Theophany, Docjazz4, FunkyEntropy, XPRTNovice",Time's End: Majora's Mask Remixed,221,3,45,Game
Big-Band Battlefield,"The University of Toronto 10 O'Clock Big Band, The Runaway Five","OC ReMix, Super Mario 64",222,3,44,Game
X-1234,Armcannon,Return of the Attack of the Legend of Pizzor,223,3,44,Game
Title Screen,"Shiho Fujii, Atsuko Asahi, Ryo Nagamatsu, Yasuaki Iwata",Mario Kart 8 OST,224,3,43,Game
Welcome to My Kastle,DDRKirby(ISQ),"OC ReMix, Super Mario 64",225,3,43,Game
Ending Theme of Super Mario Sunshine (Super Mario Sunshine),"The Big Band of Rogues (Tokyo Cuban Boys Jr.), Shigeo Nukita",Mario & Zelda Big Band Live,226,3,42,Game
Smoke and Clouds (Locke),"Jeff Ball, Laura Intravia","OC ReMix, FFVI: Balance and Ruin",227,3,41,Game
There Will Be Blood (Metamorphosis),Anti-Syne,"OC ReMix, FFVI: Balance and Ruin",228,3,41,Game
Ruffneck Terra,halc,"OC ReMix, Final Fantasy VI",229,3,40,Game
Kastle Rock,Prince uf Darkness,"OC ReMix, Solstice",230,3,40,Game
Helios (Sun),Auxcide,of Atoms and Stardust,231,3,40,Chiptune
Follow Me Home,SMILETRON,TRIPP-E-P,232,3,40,Chiptune
Omen (R3 Mix) [Omen],R3FORGED,"OC ReMix, Xenogears: Gears",233,3,36,Game
Timeless Journey,Sam Dillard,Zelda Cinematica: A Symphonic Tribute,234,3,36,Game
A Royal Appearance,Nostalvania,"OC ReMix, Zelda 05: Ocarina of Time",235,3,33,Game
The Champions,Jeff Ball,Tiny Barbarian DX OST,236,3,33,Game
Stage 1: The Sea Port,"Iku Mizutani, Kouichi Yamanishi",Shadow of the Ninja OST,237,3,31,Game
El Pájaro es la Palabra,"Laura Intravia, Davey Patterson",Harmony of Heroes,238,3,30,Game
APEX (Super Smash Bros.),"Garrett Williamson, Yungtown","OC ReMix, Apex 2016: I Got Next",239,3,30,Game
Zelda's Lullaby (Ocarina of Time),The 8-Bit Big Band,Album 1 - Press Start!,240,3,29,Game
No Loitering,Karl B & The Soul Surgeons,Electrosurgery,241,3,29,Funk
Froggie Drinks for Everyone! (Grandpa and the Delightful Tadpoles),Blen,"OC ReMix, Super Mario RPG: Window to the Stars",242,3,29,Game
Perilous Pathway (Koopa's Road),Nutritious,"OC ReMix, Super Mario 64: Portrait of a Plumber",243,3,28,Game
"Run, Jump, Throw! Stage 1",Koji Kondo,Super Mario Odyssey OST,244,3,26,Game
In Forest,Ro Panuganti,The Temples: Music from The Legend of Zelda: Ocarina of Time,245,3,26,Game
Super Gamer Girl 3D,meganeko,Robot Language,246,3,25,Electronic
Meta Within Meta,chibi-tech,Psycho Somatic Generation,247,3,24,Chiptune
Leaf Forest - Act 1,"Hironobu Inagaki, Atsuyoshi Isemura",Sonic Advance 2 OST,248,3,24,Game
Darth Gumby,Zantilla,Weekly Treats: 2014,249,3,24,Chiptune
Overworld Adventure,"Toru Minegishi, Manaka Tominaga, Asuka Ohta, Koji Kondo",The Legend of Zelda: Spirit Tracks OST,250,3,23,Game
"Kokiri Forest (from ""The Legend of Zelda: Ocarina of Time"")",Joel Kent,Helmarock: Zelda Metal Vol. II,251,3,22,Game
Silence Before the Storm - Final Fantasy X,On Being Human,The Humans Are Coming: Volume 1,252,3,22,Game
Lullaby of the Sky,"Jillian Aversa, zircon","OC ReMix, Zelda 05: Ocarina of Time",253,3,21,Game
Home,Freeo,Robots Always WIN,254,3,21,Chiptune
Xoldin' Out for a Xero,Binster,"OC ReMix, Xenon",255,3,20,Game
World Map,Ichiro Shimakura,Pokémon Trading Card Game OST,256,3,20,Game
Autumn Mountain Battle,"Yoshito Sekigawa, Shoh Murakami, Yoshiaki Kimura, Hiroki Morishita, Fumihiro Isobe",Paper Mario: The Origami King OST,257,3,19,Game
Planet Acme,Gavin Parker,Looney Tunes: Space Race (PS2) OST,258,3,15,Game
Wildweather Woods,Motoi Sakuraba,Mario Golf: Super Rush OST,259,3,15,Game
Sunshine Coastline,Falcom Sound Team jdk,Ys VIII: Lacrimosa of Dana OST,260,3,13,Game
Earthroot,Viking Guitar,Harmony of a Hunter,261,3,10,Game
Zora,Ro Panuganti,Return to the Wild (Music from Legend of Zelda: Breath of the Wild),262,3,7,Game
Vectorman 2 - Recycle Or Die,Zubareus,Zubareus 4,263,3,7,Game
Route 201,insaneintherainmusic,Sinnohvation,264,3,5,Game
"Dragón de samba y l'espada de luz (from ""Fire Emblem: Shadow Dragon"")",Eileen Snyder,MENU: An Homage to Game Title Themes,265,3,4,Game
wily theme,"TheManPF, Zach Chapman, DakotaCityRag, Chocobao, Gamer of the Winds","OC ReMix, Mega Man 2",266,3,4,Game
Secret of the Arid Sands,Lazerwolph,EXCALIBUR: A Tribute to Secret of Mana,267,3,3,Game
TEEM.ROKIT (Team Rocket Hideout),Tweex,"OC ReMix, Pokémon: The Missingno Tracks",268,4,96,Game
Flash Fire,A_Rival,"OC ReMix, Mega Man 2",269,4,93,Game
Fragments of Gold,beej,"OC ReMix, Zelda 03: A Link to the Past",270,4,93,Game
Escape Route,Corran,Cave Story ReMix Project,271,4,89,Game
Dr. Wily Stage 1,Takashi Tateishi,Mega Man 2 OST,272,4,86,Game
Baba Yetu,Christopher Tin,Civilization IV OST,273,4,83,Game
Tickle My Wily,Star Salzman,"OC ReMix, Mega Man 2",274,4,82,Game
Just Go (Go a Step Further),"Nutritious, Fishy","OC ReMix, Summoning of Spirits: An Arrangement of Music from Tales of Phantasia and Tales of Symphonia - Disc 2",275,4,74,Game
TheDarkReachesofSMW,aneurySm,"OC ReMix, Super Mario World",276,4,73,Game
I Want To Be The One (acoustic),The Megas,Get Acoustic,277,4,70,Game
"Morning, Thinker","Mattias Häggström Gerdt, DragonAvenger","OC ReMix, Armored Core: The Answer",278,4,70,Game
Programmed To Fight,The Megas,Get Equipped,279,4,67,Game
Transient Shadows,WillRock,"OC ReMix, Zelda 03: A Link to the Past",280,4,67,Game
Aqua,Alberto José González,The Smurfs' Nightmare OST,281,4,63,Game
Main Theme,Rob Hubbard,Delta OST,282,4,61,Game
Samus Aran (Metroid) - The Bounty of a Brain,Big Giant Circles,"OC ReMix, Heroes vs. Villains",283,4,61,Game
Apprehend Them!,Jake Kaufman,Mighty Switch Force! OST,284,4,56,Game
An Effrontery Escape (An Escapable Situation),Xenon Odyssey,"OC ReMix, Wild Arms: ARMed and DANGerous",285,4,55,Game
Prayer,Jillian Aversa,"OC ReMix, Zelda 05: Ocarina of Time",286,4,51,Game
Crashman Stage,Takashi Tateishi,Mega Man 2 OST,287,4,48,Game
The Submap Emissary (Sub-Map Shuffle),zylance,"OC ReMix, Donkey Kong Country 3: Double the Trouble!",288,4,48,Game
Magnet Missiles,"JJT, ptitteri, zyko","OC ReMix, Mega Man 3",289,4,48,Game
Jitterbug System (Jungle Jitter SNES),Flexstyle,"OC ReMix, Donkey Kong Country 3: Double the Trouble!",290,4,47,Game
Red Cyclone (Vocal Version),The Grammar Club,"R:TS, Street Fighter II: The World Warrior",291,4,47,Game
Acid Flashbacks,"Elrinth, PsyNES","OC ReMix, Mega Man 2",292,4,46,Game
Pokémon Red and Blue,Kirby's Dream Band,The Pink Album,293,4,45,Game
Let's get it STARTed,Shnabubula,Controller 1,294,4,44,Chiptune
spirit of law,"Detective Tuesday, melody","OC ReMix, Phoenix Wright: Ace Attorney",295,4,44,Game
Zizibum,X-Ray,Grayscale Project,296,4,43,Chiptune
Enjoying The Land,Koji Kondo,Super Mario Bros. 2 OST,297,4,43,Game
Distance (Bicycle Trip),"aivi, surasshu",The Black Box,298,4,42,Electronic
Hyrule Field,"CSGuitar89, FamilyJules",CSGuitar89,299,4,42,Game
Super Mario 64 Opening Theme - Overworld Theme (Super Mario 64),"The Big Band of Rogues (Tokyo Cuban Boys Jr.), Shigeo Nukita",Mario & Zelda Big Band Live,300,4,42,Game
Praying Hands,Hidehiro Funauchi,Castlevania II: Belmont's Revenge OST,301,4,41,Game
Mute City,"Shiho Fujii, Atsuko Asahi, Ryo Nagamatsu, Yasuaki Iwata",Mario Kart 8 OST,302,4,40,Game
The Shredder [Shredder (Teenage Mutant Ninja Turtles IV)],Juan Medrano,"OC ReMix, BadAss: Boss Themes",303,4,40,Game
Strike the Earth! (Plains of Passage),Jake Kaufman,Shovel Knight OST,304,4,40,Game
Super Effective [Battle! Trainer (Johto)],"Fishy, Andy Jayne","OC ReMix, Pokémon: The Missingno Tracks",305,4,39,Game
Bionic Commando 2008,Machinae Supremacy,Bionic Commando,306,4,38,Game
The Chiptune Legacy,Big Giant Circles,The Glory Days,307,4,38,Electronic
El Lagarto,Evil Horde,"OC ReMix, The Adventures of Bayou Billy",308,4,37,Game
ToeJam & Earl - Toejammin',The OneUps,PAX 07 Live,309,4,37,Game
Breakthrough,Ben Landis,Adventures in Pixels,310,4,36,Chiptune
Victory Tune,Kristofer Maddigan,Cuphead OST,311,4,36,Game
"Courage, Failure, Rosebud (Under Martial Law)","DragonAvenger, OceansAndrew","OC ReMix, FFVI: Balance and Ruin",312,4,35,Game
Wind Garden,Mahito Yokota,Super Mario Galaxy OST,313,4,35,Game
Beginning,"Jun Funahashi, Yukie Morimoto, Hidenori Maezawa",Castlevania III: Dracula's Curse OST,314,4,33,Game
Murine Corps,Kristofer Maddigan,Cuphead OST,315,4,33,Game
Lovely City,Calum Bowen,Lovely Planet OST,316,4,33,Game
Unterbrechung,Ap0c,LISTENCORE Vol. I,317,4,32,Chiptune
Illumination Reel,DDRKirby(ISQ),Celestial Melodies,318,4,31,Electronic
The Padstow Missile Crisis [ Solarbear is a grade-A noob tier LSDJ user on the seventh plane of terrible ],Auxcide,Speck,319,4,30,Chiptune
Chekhov's Beam,Vidboy,Harmony of Heroes,320,4,29,Game
"Choose Your Character! (Super Smash Bros. Melee, Super Smash Bros. Brawl)",Sbeast,"OC ReMix, Heart of a Gamer: A Tribute to Satoru Iwata",321,4,29,Game
Legend of the Bear Punch,Tuberz McGee,Chiptunes = WIN: Volume 5,322,4,28,Chiptune
Dreamkiller,Cityfires,Progenitor Star,323,4,28,Chiptune
New Donk City,Naoto Kubo,Super Mario Odyssey OST,324,4,27,Game
Asterix - Ending Credits / Smurf's Nightmare - Freedom (Featuring MunzadetH),ErichWK,Alberto Fucking González,325,4,26,Game
Parasail Course,Yasuaki Iwata,The Legend of Zelda: Breath of the Wild OST,326,4,26,Game
Squidzilla,"halc, Tuberz McGee",Menagerie,327,4,26,Chiptune
Mario Kart 64,The 8-Bit Big Band,Let's Play Live!,328,4,25,Game
YOUNG FOREVER,LukHash,GHOSTS,329,4,23,Electronic
Run the Rupees,"Xander Cruise, Lil' Purrito",FATE: A Tribute to Majora's Mask,330,4,22,Game
Theme of Skyward Sword - Ballad of the Goddess,"Mahito Yokota, Hajime Wakai",The Legend of Zelda: Skyward Sword OST,331,4,22,Game
Gym Battle,Ro Panuganti,Metal Trainer,332,4,22,Game
Spring Yard Zone,Super Soul Bros.,Stritch's Brew,333,4,22,Game
Water Temple,Cory Johnson,The Legend Of Zelda (Cory Johnson),334,4,20,Game
Because Eels,shredd,"OC ReMix, Street Fighter II",335,4,20,Game
Find Your Way,Darangen,"OC ReMix, Final Fantasy",336,4,19,Game
Breath of the Wild,Manaka Kataoka,The Legend of Zelda: Breath of the Wild OST,337,4,18,Game
Into the Depths (Catacombs),Rainbowdragoneyes,The Messenger Disc I: The Past OST,338,4,18,Game
The Light at the End (Sonic the Hedgehog 3),KingTiger,"OC ReMix, Speeding Towards Adventures: 25 Years of Sonic the Hedgehog",339,4,16,Game
"Oh Daisy, Daisy!",halc,"OC ReMix, Super Mario Land",340,4,16,Game
The Fanged Fastener,"Yoshito Sekigawa, Shoh Murakami, Yoshiaki Kimura, Hiroki Morishita, Fumihiro Isobe",Paper Mario: The Origami King OST,341,4,16,Game
Reaped by Death,Chris Christodoulou,Deadbolt OST,342,4,13,Game
Meridian Dance,Hiroki Kikuta,Secret of Mana OST,343,4,12,Game
Theme (NES),Metroid Metal,Varia Suite,344,4,12,Game
We Love Burning Town,Jake Kaufman,Shantae and the Pirate's Curse OST,345,4,8,Game
"Gotta Start from Somewhere (Sonic the Hedgehog, Sonic the Hedgehog 3)","Jorito, Trev Wignall, Hank ""The Spank Tank"" Jankerson, The Nikanoru","OC ReMix, Speeding Towards Adventures: 25 Years of Sonic the Hedgehog",346,4,7,Game
Team Galactic HQ,insaneintherainmusic,Sinnohvation,347,4,6,Game
Ghost Grove,Platonist,"OC ReMix, Zelda 03: A Link to the Past",348,5,94,Game
"Person, Place, or Groove?",The Orichalcon,"OC ReMix, Pictionary",349,5,83,Game
Save Me (OCR Edit),SGX,"OC ReMix, ICO",350,5,81,Game
Above Reason,"tefnek, zircon","OC ReMix, Streets Of Rage 2",351,5,79,Game
Dueling Consoles,Shnabubula,"OC ReMix, Secret of Mana",352,5,78,Game
Pipes,Seventh Epic,"OC ReMix, Super Mario Bros. 3",353,5,74,Game
Waste Water Wipeout,"tefnek, zircon","OC ReMix, Teenage Mutant Ninja Turtles IV",354,5,74,Game
Pokémon Gym,Junichi Masuda,"Pokémon Gold, Silver, and Crystal OST",355,5,72,Game
Linking the Legends,Sockpuppet,The Legend Of Zelda: Essence of Lime,356,5,71,Game
Spontaneous Devotion,Random,Bad Joke EP,357,5,70,Chiptune
Flash Man,PlanetSkill,"PlanetSkill, Mega Man 2",358,5,70,Game
The Legend Of Zelda: A Link To The Past - Dark World,Rare Candy,Bomber Blue / Gallant Green,359,5,66,Game
Rainbow Road,The OneUps,Super Mario Kart Album,360,5,66,Game
The Legend Of Zelda: Link's Awakening - Tal Tal Heights,Rare Candy,Bomber Blue / Gallant Green,361,5,63,Game
Pixelated Tales,Sir_NutS,"OC ReMix, Tales of Symphonia",362,5,62,Game
Brambles Open Minds Like Bubbles,Ross Kmet,"OC ReMix, Donkey Kong Country 2",363,5,61,Game
Slider,Koji Kondo,Super Mario 64 OST,364,5,61,Game
Out of the Palace,The Key to Progression,"OC ReMix, Pokémon Red",365,5,58,Game
Princess Secret Slide (Super Mario 64),Zebes System,DREAMERS ~A Tribute to Koji Kondo and Nobuo Uematsu~,366,5,57,Game
Staff Roll,"Shogo Sakai, Takafumi Miura, Yuji Suzuki, Yusuke Takahama",Bloody Wolf OST,367,5,56,Game
The Crossroads (Cid's Theme),Jovette Rivera,"OC ReMix, FFVII: Voices of the Lifestream - Advent",368,5,55,Game
Act 6 : The Mountains,Alberto José González,The Smurfs (NES) OST,369,5,54,Game
Durch Den Dunkel-Dschungel,Stello Doussis,Das Geheimnis der Happy Hippo-Insel OST,370,5,52,Game
Central Park,Matt Gray,Last Ninja 2 OST,371,5,52,Game
Sirens Blaring,Order of Týr,Tearing Reality Asunder,372,5,50,Game
Breakbeat Forest,Tepid,"OC ReMix, Kirby's Dream Land 2",373,5,49,Game
May I Have This Swords Dance? [Canalave City (Day)],PROTO·DOME,"OC ReMix, Pokémon: The Missingno Tracks",374,5,49,Game
Meadow,Cuttlefish,Cuttlefish (Re-Edit),375,5,48,Chiptune
Fear the Dark,"Alec Holowka, Jenna Sharpe",Aquaria OST,376,5,47,Game
Stronghold,Zef,Blackout,377,5,47,Chiptune
I Now Pronounce You Incorrectly (False Wedding on the Sea),Binster,"OC ReMix, Wild Arms: ARMed and DANGerous",378,5,45,Game
Tastes Like Victory (Fanfare),Leitbur,"OC ReMix, FFVI: Balance and Ruin",379,5,44,Game
Castlevania III: Dracula's Curse - Beginning,Retro Remix Revue,Volume 2,380,5,44,Game
Don't Hold My Breath (Candy Mountain),Ben Briggs,"OC ReMix, Milky Way Wishes: A Kirby Super Star Tribute",381,5,41,Game
Bhost Gusters,Armcannon,Return of the Attack of the Legend of Pizzor,382,5,41,Game
All Blues,Shnabubula,Kind Of Bloop,383,5,40,Chiptune
Medley of the Legend of Zelda (The Legend of Zelda),"The Big Band of Rogues (Tokyo Cuban Boys Jr.), Shigeo Nukita",Mario & Zelda Big Band Live,384,5,37,Game
I'm Taking It All Back,TJ Nekko,"OC ReMix, Goonies II",385,5,36,Game
April O'Neil's Stage,Miki Higashino,TMNT: Tournament Fighters (Genesis) OST,386,5,36,Game
Simple and Clean,Zelkedo,Kingdom Hearts Remix,387,5,35,Game
Meltdown 2,DM DOKURO,DM DOKURO Presents: Cave Story Arranged,388,5,33,Game
The Ecstasy of Life (Album Edit),DDRKirby(ISQ),The Ecstasy of Life,389,5,33,Electronic
Take a Bath,Karl B & The Soul Surgeons,Electrosurgery,390,5,33,Funk
Daybreak,Sam Dillard,Zelda Cinematica: A Symphonic Tribute,391,5,30,Game
Caravan Bowser (Super Mario 3D World),"Flexstyle, XPRTNovice","OC ReMix, Super Cartography Bros.",392,5,28,Game
"Luigi's Mansion Theme (From ""Luigi's Mansion"")",The 8-Bit Big Band,Album 2 - Choose Your Character!,393,5,26,Game
Hope Rising,"Jillian Aversa, zircon","OC ReMix, Destiny",394,5,26,Game
It Comes In Pints,Soleviio,Celt-tunes = WIN,395,5,25,Chiptune
Lonely Rolling Star (Grimecraft Remix),Grimecraft,Katamari Dance With Me,396,5,25,Game
Funky Dealer,Hideki Naganuma,Jet Set Radio Future OST,397,5,23,Game
Epsilon 5150,Kommisar,Weekly Treats: 2014,398,5,23,Chiptune
Octo Epilogue,Tokyo Elvis,Splatunes 2,399,5,22,Game
ORACLE,SMILETRON,DELTA,400,5,20,Electronic
Those who Fight (Metal Remix),Jack Fliegler,MATERIA: Final Fantasy VII Remixed,401,5,20,Game
Nayru's Hymn [Ending (Staff Roll)],bLiNd,"OC ReMix, Mirror Image: A Link to the Past",402,5,18,Game
Lancer Vs. Lancer,PirateCrab,"OC ReMix, Deltarune",403,5,17,Game
Groove Buster,Hanging Waters,"OC ReMix, Deltarune",404,5,17,Game
White Magic Is for Sissies,Knight of the Round,"OC ReMix, Final Fantasy VIII",405,5,17,Game
Summer (Nature's Crescendo),ConcernedApe,Stardew Valley OST,406,5,16,Game
Adventuring On Home,Whitaker Trebella,FZ: Side Z,407,5,14,Game
Title Screen,Tim Follin,Magic Johnson's Basketball OST,408,5,9,Game
Reichwind Takes to the Club,Ben Wallace,MATERIA: Final Fantasy VII Remixed,409,5,9,Game
Credits,Jake Kaufman,Regular Show: Mordecai & Rigby in 8-Bit Land OST,410,5,8,Game
Beyond the Big Infinity (Flight into the Unknown),"Jorito, Sagnewshreds","OC ReMix, Secret of Mana: Resonance of the Pure Land",411,5,7,Game
Cyberpunk 2077 (Wushu Dolls),Lame Genie,Steve,412,5,7,Game
Null Terminator,DDRKirby(ISQ),Super Mega Zero OST,413,5,7,Game
Route 209 (Day),Shota Kageyama,Pokémon Brilliant Diamond and Shining Pearl OST,414,5,6,Game
Kraidosaurus,PirateCrab,Harmony of a Hunter Returns,415,5,5,Game
The Heart Beats with the Rhythm of the Rain,PrismaticBlack,"OC ReMix, Goemon's Great Adventure",416,5,5,Game
Hearthome City (Day),Shota Kageyama,Pokémon Brilliant Diamond and Shining Pearl OST,417,5,5,Game
Gladion's Groove (Battle! Gladion),"insaneintherainmusic, Justin Peterkin",Alola That Jazz,418,5,4,Game
Riddle,Danimal Cannon,Blood Curse - A Tribute to Castlevania 3: Dracula's Curse,419,5,4,Game
Pokémon League (Night),insaneintherainmusic,Sinnohvation,420,5,4,Game
Trippin' On Rainbows,Mazedude,"OC ReMix, Super Mario Kart",421,6,107,Game
Rainbow Cruise,New Japan Philharmonic Orchestra,Super Smash Bros. Melee: Smashing Live,422,6,104,Game
PearlSong,The Wingless,"OC ReMix, Super Mario 64",423,6,101,Game
14.5 West Coast Radio (EXPN Card Required),PROTO·DOME,"OC ReMix, Pokémon Crystal",424,6,95,Game
Opening Themes - Introduction,"Michael Land, Andy Newell, Barney Jones, Patric Mundy",MI1 (DOS CD) - The Secret of Monkey Island OST,425,6,83,Game
Chill,Hirokazu Tanaka,Dr. Mario OST,426,6,80,Game
Reformat The Planet,Bit Shifter,Information Chase,427,6,78,Chiptune
OceanFlameGroove,4-Eyes,"OC ReMix, Ristar",428,6,76,Game
Destined for Greatness,"Geoffrey Taucer, prophetik","OC ReMix, Civilization IV",429,6,74,Game
Boom Junkin',chibi-tech,Infinite Game Music Vol.4,430,6,72,Chiptune
Cave Story (Plantation),Daisuke Amaya (Pixel),Cave Story OST,431,6,69,Game
Knuckleduster,Danny Baranowsky,"OC ReMix, Sonic 3 & Knuckles: Project Chaos",432,6,69,Game
Chasing the Storm (In Search of the Man in Black),Rellik,"OC ReMix, FFVII: Voices of the Lifestream - Dirge",433,6,67,Game
Missing You,Trash80,Icarus,434,6,65,Chiptune
I'll Fly You (nel cielo notturno) [Paternal Horn],AkumajoBelmont,"OC ReMix, NiGHTS into Dreams...: Lucid Dreaming",435,6,63,Game
Robocop 3,Zubareus,From 8 to Infinity,436,6,62,Game
Biologica Robotica (Jamaican Cyberturtle),Flexstyle,Return All Robots! Remixes,437,6,59,Game
Dave's Theme,"Dave Hayes, George Alistair Sanger, David Govett, David Warhol, Chris Grigg, David Lawrence",Maniac Mansion (NES) OST,438,6,58,Game
Barcelona,Octapus,Hurdle Turtle OST,439,6,56,Game
The Street,Reyn Ouwehand,Last Ninja Remix OST,440,6,52,Game
Ending,Ryoji Yoshitomi,Metroid II: Return of Samus OST,441,6,52,Game
Mario Circuit,The OneUps,Super Mario Kart Album,442,6,48,Game
Potential for Anything,"Magnus ""SoulEye"" Pålsson",PPPPPP - The VVVVVV OST,443,6,47,Game
Another World,Alberto José González,The Smurfs' Nightmare OST,444,6,47,Game
Kingfisher's Stream (Cascade Capers),"halc, Mattias Häggström Gerdt","OC ReMix, Donkey Kong Country 3: Double the Trouble!",445,6,46,Game
Daytona,Kazunaka Yamane,Super Spike V'Ball OST,446,6,46,Game
To Far Away Times,Yasunori Mitsuda,Chrono Trigger OST,447,6,45,Game
I'm Nobody,"Ben Briggs, Cornelius Rawness",Attention Deficit EP,448,6,44,Electronic
Nostalgia Breaks Hearts...,PROTO·DOME,BLUESCREEN,449,6,44,Electronic
Mother Bee,Derris-Kharlan,"Derris-Kharlan, Singles",450,6,43,Chiptune
History Repeating Pt.2 (One Last Time),The Megas,History Repeating: Blue,451,6,42,Game
"Endlessly Hungry, Petey Piranha Battle","Masanobu Matsunaga, Saki Kurata, Shoh Muramaki, Yoshito Sekigawa, Yasuhisa Baba, Hiroki Morishita, Masanori Adachi, Kiyoshi Hazemoto, Tomoko Sano, Kosei Muraki, Hiroaki Hanaoka, Yasumasa Yamada",Paper Mario: Sticker Star OST,452,6,42,Game
Wildfire,bubu,I Set My Pixels On Fire - Bubu!,453,6,41,Chiptune
Zelda - Dark World,The NESkimos,Balance,454,6,39,Game
Sign of Fortune,"DragonAvenger, Level 99, OceansAndrew","OC ReMix, Metal Gear Solid 4",455,6,39,Game
Stormy Saxophone,Shinsekai Gakkyoku Zatsugidan,The King of Fighters '95 OST,456,6,38,Game
Banananaz,Chiwalker,"OC ReMix, Donkey Kong Land",457,6,38,Game
Drag Me Up (to Heaven),Gario,"OC ReMix, Mega Man",458,6,38,Game
Sleeping Egg Zone,"Kojiro Mikusa, Masayuki Nagao",Sonic Chaos OST,459,6,37,Game
The Shinra Shuffle,The Runaway Five,"OC ReMix, Final Fantasy VII",460,6,36,Game
Morning Breeze,Shakaboyd,Pxl-Win,461,6,35,Chiptune
Robot Language,meganeko,Robot Language,462,6,35,Electronic
Dog Days,Vince Kaichan,Weekly Treats: 2013,463,6,35,Chiptune
Incredible,ChasingBleeps,Weekly Treats: 2013,464,6,35,Chiptune
Jungle,Ro Panuganti,The Dark Hunter (Music from the Metroid Series),465,6,34,Game
BGM 2,Yusuke Takahama,Side Pocket (GB) OST,466,6,34,Game
The Poets II,Motohiro Kawashima,Streets of Rage 3 OST,467,6,32,Game
Dance of the Zinger (Flight of the Zinger),Jake Kaufman,"OC ReMix, Donkey Kong Country 2: Serious Monkey Business: Dixie",468,6,31,Game
Bloody Tears,Kenichi Matsubara,Castlevania II: Simon's Quest OST,469,6,30,Game
Goron Village (A Cappella Version),Patrick Dunnevant,FATE: A Tribute to Majora's Mask,470,6,28,Game
Cybertree (Mortal Kombat 4),Malcos,Tribute Album 64,471,6,28,Game
Chrono Trigger,Super Soul Bros.,Fireball!,472,6,27,Game
Stage 1,Great Nakamura,Rainbow Cotton OST,473,6,27,Game
Big Blue (F-Zero),The 8-Bit Big Band,Album 1 - Press Start!,474,6,26,Game
"garLACTUS Win [Victory, Fanfare (FF7)]",J Damashii,"OC ReMix, Final Fantasy II: Rebellion",475,6,25,Game
"Trainer Battle Music (From ""Pokémon"")",The 8-Bit Big Band,Album 2 - Choose Your Character!,476,6,24,Game
Springtime Smoothness,"André Pastore, Helton Lima, Leandro Abreu, Leo Quintão, Marco Lima, Thiago Quintino","OC ReMix, Sonic the Hedgehog",477,6,24,Game
Artificial Intelligence Bomb,Naruto,Singles,478,6,24,Chiptune
Fistbreaker,Techno Mage,Chiptunes = WIN: Volume 8,479,6,22,Chiptune
Life of a Bowling Pin,Hylian Lemon,"OC ReMix, Zelda 11: Twilight Princess",480,6,22,Game
Hard Drivin',John Broomhall,Transport Tycoon (iOS/Android) OST,481,6,21,Game
Kallima inachus,Parallelis,Animalia,482,6,18,Chiptune
Ending,Konami,Konami Hyper Soccer OST,483,6,18,Game
Mako Reactor,"RoboRob, Varien",ONE BEAT ANGEL FFVII,484,6,18,Game
Last Surprise,String Player Gamer,Strings of Fate,485,6,17,Game
Go Blow Snow for a Year,housethegrate,"OC ReMix, Snow Brothers",486,6,15,Game
Ending (NES),Metroid Metal,Varia Suite,487,6,10,Game
Revenge Rocco Style,Arion Salazar,Interstate '76 OST,488,6,8,Game
Hinox,Ro Panuganti,Return to the Wild (Music from Legend of Zelda: Breath of the Wild),489,6,8,Game
Mesagoza (Riding),"Minako Adachi, Junichi Masuda, Go Ichinose, Hiromitsu Maeba, Teruo Taniguchi, Hitomi Sato, Toby Fox",Pokémon Scarlet and Violet OST,490,6,6,Game
Final Fantasy VII (Ahead On Our Way),Lame Genie,An Artist Respects the Silence that Serves as the Foundation for Creativity,491,6,5,Game
The Secret Lullaby,"jnWake, Ivan Hakštok, Nemo Fairlight","OC ReMix, Zelda 05: Ocarina of Time",492,6,5,Game
Stark Mountain,insaneintherainmusic,Sinnohvation,493,6,5,Game
Aquarius,RichaadEB,Blood Curse - A Tribute to Castlevania 3: Dracula's Curse,494,6,4,Game
Katamari on the Rocks,Masayuki Tanaka,Katamari Damacy OST,495,6,3,Game
Braving Tal Tal Heights,Disco Dan,"OC ReMix, Zelda 04: Link's Awakening",496,7,114,Game
The Alternate Route,ParagonX9,"OC ReMix, Super Mario 64",497,7,106,Game
Malevolent Mansion,"Sole Signal, Nekofrog","OC ReMix, Banjo-Kazooie",498,7,93,Game
Starbound ~ Theme of Dream Warrior,Ben Briggs,"OC ReMix, Rise of the Star: The Kirby's Adventure Remix Collaboration",499,7,92,Game
Day's End,"Sole Signal, Tweex","OC ReMix, Mario Kart 64",500,7,89,Game
The Ballad of Sir Kibbles ~ Theme of Dream Hunter,Suzumebachi,"OC ReMix, Rise of the Star: The Kirby's Adventure Remix Collaboration",501,7,79,Game
Fear Not,Fray,"OC ReMix, Morrowind",502,7,76,Game
Infiltrating The Fortress,Cyan,"R:TS, Teenage Mutant Ninja Turtles IV",503,7,74,Game
Little Drummer Boy,Rush Coil,8-bit Christmas,504,7,74,Holiday
Duck Blur,Star Salzman,"OC ReMix, Ducktales",505,7,73,Game
"Super Mario Kart - Mario Circuit, Rainbow Road",Retro Remix Revue,Volume 1,506,7,66,Game
Hyrule Field Main Theme,Koji Kondo,The Legend Of Zelda: Ocarina of Time OST,507,7,64,Game
The Frontier,Jared Hudson,"OC ReMix, Chrono Trigger",508,7,64,Game
Optimist Prime (Hope),Flexstyle,"OC ReMix, Wild Arms: ARMed and DANGerous",509,7,60,Game
The NiGHT Has Just Begun... (Under Construction),PROTO·DOME,"OC ReMix, NiGHTS into Dreams...: Lucid Dreaming",510,7,58,Game
Magic Whale Trick,???,Wall You Need is Love,511,7,58,Chiptune
Buzzsaw,"Big Giant Circles, zircon",Impostor Nostalgia,512,7,57,Electronic
Comic Bakery,Visa Röster,*** Commodore 64 *** Vocally,513,7,55,Game
The Moon,Hiroshige Tonomura,DuckTales OST,514,7,55,Game
The Information Chase,Bit Shifter,Information Chase,515,7,55,Chiptune
FML (If I Could Drift Away),J Damashii,"OC ReMix, Gitaroo Man",516,7,54,Game
Area 1,Naoki Kodaka,Blaster Master OST,517,7,53,Game
Waterfall Adventure,"Hirokazu Ando, Jun Ishikawa",Kirby's Adventure OST,518,7,53,Game
Flicker,"Big Giant Circles, Chris Geehan",Impostor Nostalgia,519,7,51,Electronic
A World Awaits Chrono,J:/Drive,"OC ReMix, Chrono Trigger",520,7,51,Game
Sentience Achieved,an0va,The Teaching Machine,521,7,51,Chiptune
Ocean,"Kenta Nagata, Hajime Wakai, Toru Minegishi, Koji Kondo",The Legend Of Zelda: The Wind Waker OST,522,7,50,Game
White Knuckles (Static Revenger Instrumental Remix),OK Go,Twelve Remixes of Four Songs,523,7,50,Rock
Castle Crescendo (Krook's March),Sole Signal,"OC ReMix, Donkey Kong Country 2: Serious Monkey Business: Dixie",524,7,49,Game
supersonic,she,chiptek,525,7,46,Electronic
Title,Yasuaki Fujita,Mega Man 3 OST,526,7,45,Game
Keyboard Demo Attack!,PROTO·DOME,BLUESHIFT,527,7,44,Electronic
Love Is All We Have (Even After The Last Breath),bubu,Emptiness Meets Happiness,528,7,44,Chiptune
Lucid States,"ambient, DragonAvenger","OC ReMix, Chrono Trigger",529,7,44,Game
Ashokan Noel,"Geoffrey Taucer, FFmusic Dj",An OverClocked Christmas v.8,530,7,43,Holiday
Submerged in Ambiance,The Distortionist,"OC ReMix, Donkey Kong Country",531,7,42,Game
Yoshi's Island - Flower Garden,"Takahiro Nishi, Shogo Sakai, Masaaki Iwasaki, Yutaka Iraha, Keigo Ozaki, Kentaro Ishizaka",Super Smash Bros. Brawl OST,532,7,42,Game
Realms,Auxcide,Chiptunes = WIN: Volume 2,533,7,41,Chiptune
Lorule Overworld,"Ryo Nagamatsu, Koji Kondo",The Legend of Zelda: A Link Between Worlds OST,534,7,41,Game
Chimera,shanebro,The Sky is Ours,535,7,41,Chiptune
Good Egg Galaxy,CSGuitar89,CSGuitar89,536,7,40,Game
Go For Distance,Big Giant Circles,The Glory Days,537,7,40,Electronic
Get Ready for the Next Battle! (Tekken Tag Tournament 2),Ivan Hakštok,"OC ReMix, Apex 2014: A New Challenger!!",538,7,40,Game
[ bonus ] Protostar,Auxcide,of Atoms and Stardust [ Remixes ],539,7,40,Chiptune
Dinosaur Diddy (Ancient Lake),Ben Briggs,Diddy Kong Racing: Bootleg Christmas,540,7,39,Game
Anthem of a Milkman: A Cyborg Love Adventure,Phonetic Hero,Sliced Bread: UNCRUSTED!!,541,7,39,Electronic
Sewer Surfin',"Harumi Ueko, Kazuhiko Uehara, Mutsuhiko Izumi",TMNT 4: Turtles in Time OST,542,7,39,Game
Super Mario Kart - Rainbow Road,Smooth McGroove,VGM Acapella: Volume 2,543,7,39,Game
Ska Buffet (All You Can Eat: Dirty Version) [Clash! Gourmet Race],The OverClocked Plaid Muffins,"OC ReMix, Milky Way Wishes: A Kirby Super Star Tribute",544,7,38,Game
Intrepid,Bradley Burr,Songs for the Cure '10,545,7,38,Game
PIXELOVE,LukHash,Falling Apart,546,7,37,Electronic
Al Bhed Ec Faent (Oui Are Al Bhed),Theory of N,"OC ReMix, FF: Audio Engineering: A Tribute to Cid",547,7,37,Game
Grape Soda (Sea Stage),"halc, PROTO·DOME","OC ReMix, Milky Way Wishes: A Kirby Super Star Tribute",548,7,37,Game
"Let's Go, Turtles!","Yuichi Sakakura, Tomoya Tomita, Keizo Nakamura",TMNT 3: The Manhattan Project OST,549,7,34,Game
The Final Battle,"Yuichi Sakakura, Tomoya Tomita, Keizo Nakamura",TMNT 3: The Manhattan Project OST,550,7,34,Game
Erethism,Mark 'TDK' Knight,The Reawakening,551,7,32,Chiptune
Ahead on our Way,Nobuo Uematsu,Final Fantasy V OST,552,7,31,Game
"Sonic, No. 3",Rare Candy,Finally,553,7,30,Game
The Never Ending Legend (Zelda: OoT & LttP),halc,Nostalgia Canon,554,7,30,Game
Maelideas' Curse,Fluidvolt,Shoreline,555,7,29,Chiptune
Flight into the Unknown,Hiroki Kikuta,Secret of Mana OST,556,7,28,Game
Figaro Castle,The Runaway Five,The Runaway Five: Final Fantasy VI,557,7,27,Game
Bob-Omb Battlefield,missingNo.,Warp Zone,558,7,27,Game
Stingray,Oliver Maier,µWIN,559,7,27,Chiptune
Nine One One,WAVE,A 90s Tracker Collection,560,7,27,Electronic
Galaxy Flare [Willrock - Shoot Em' Up!],DDRKirby(ISQ),Remixes - Volume 1,561,7,26,Game
"Dragon Roost Island (from ""The Legend of Zelda: Wind Waker"")",arthur x medic,Zelda Remixed,562,7,26,Game
Gerudo Valley (From the Legend of Zelda: Ocarina of Time),The 8-Bit Big Band,Album 2 - Choose Your Character!,563,7,25,Game
"Bubblegloop Swamp (from ""Banjo Kazooie"")",Bassoonify,Multiplayer 3: Wave,564,7,25,Game
The Hunt,Megan McDuffee,River City Girls OST,565,7,25,Game
Dat Egg Tho,Toni Leys,Spindash,566,7,23,Game
Battle! Pokémon Trainer (Johto Version),Braxton Burks,"Johto Legends (Music from ""Pokémon Gold and Silver"")",567,7,22,Game
GROAN ver. T7,Rukunetsu,"OC ReMix, Street Fighter Alpha 3",568,7,22,Game
Final Fall,"Jukio Kallio, Daniel Hagström",Fall Guys OST,569,7,18,Game
Groove Before the Storm,M Benson,"OC ReMix, Final Fantasy X",570,7,18,Game
Zacatecas,"JohnStacy, Gamer of the Winds, Lea Baumert, Alex Hill, DS, Andrew Filipski, slamb0b","OC ReMix, Super Mario Galaxy",571,7,18,Game
Shovel Knight - Strike The Earth,Lame Genie,The Pretension Index [Vol.3] - Welcome To Erf,572,7,18,Game
Augurio Oscuro (Black Omen),Orchestral Fantasy,EPOCH: A Tribute to Chrono Trigger,573,7,12,Game
Live A Live - MEGALOMANIA,RF,SQ SWING,574,7,11,Game
Prelude (SM),Metroid Metal,Varia Suite,575,7,11,Game
"Seiken Densetsu -Final Fantasy Gaiden- ""Final Battle ~ Mana Palace""",SEXY-SYNTHESIZER,SQ Chips,576,7,10,Game
Rito,Ro Panuganti,Return to the Wild (Music from Legend of Zelda: Breath of the Wild),577,7,8,Game
Battle! (Nemona),"Minako Adachi, Junichi Masuda, Go Ichinose, Hiromitsu Maeba, Teruo Taniguchi, Hitomi Sato, Toby Fox",Pokémon Scarlet and Violet OST,578,7,7,Game
It's Dangerous to Go Alone,dPoten,"OC ReMix, Zelda 05: Ocarina of Time",579,7,6,Game
2k9 battle jam,meganeko,boy irl girl url,580,7,5,Electronic
Route 216,insaneintherainmusic,Sinnohvation,581,7,5,Game
Super Mario's Sleigh Ride,The OneUps,"OC ReMix, Super Mario World",582,8,110,Game
Spinlock,aluminum,"OC ReMix, Super Mario 64",583,8,99,Game
Cosmic Transformations ~ Theme of L'il Traveller,ella guro,"OC ReMix, Rise of the Star: The Kirby's Adventure Remix Collaboration",584,8,91,Game
Wandering Latinas,Joshua Morse,"OC ReMix, Castlevania: Sonata of the Damned",585,8,85,Game
TRIX,Tepid,"OC ReMix, Reset Generation",586,8,85,Game
Soap and Water,A_Rival,"OC ReMix, Mega Man 2",587,8,81,Game
Goron City,Koji Kondo,The Legend Of Zelda: Ocarina of Time OST,588,8,80,Game
Rolling Start,Rayza,"OC ReMix, Top Gear 2",589,8,76,Game
man sieht sich galaxie,analoq,"OC ReMix, Commander Keen 4",590,8,75,Game
Hymn of Aveh,katethegreat19,"OC ReMix, Xenogears",591,8,70,Game
Still Alive,Jonathan Coulton,Portal OST,592,8,69,Game
N.A.S.A. (feat. Kool Keith and Tom Waits) - Spacious Thoughts (The Prelude),Team Teamwork,Vinyl Fantasy 7,593,8,69,Hip-Hop
Dark World,Koji Kondo,The Legend Of Zelda: A Link To The Past OST,594,8,67,Game
8-Bit Kamikaze,lazygecko,"OC ReMix, Last Ninja",595,8,63,Game
Unknown Origin,k-wix,Super Metroid ~Reserve Tank VARIAtions~,596,8,63,Game
"Dr. Mario - Chill, Fever",Retro Remix Revue,Volume 1,597,8,63,Game
Violet City,Junichi Masuda,"Pokémon Gold, Silver, and Crystal OST",598,8,54,Game
3 Raceways and Wario Stadium,Kenta Nagata,Mario Kart 64 OST,599,8,53,Game
Title Screen,Junichi Masuda,"Pokémon Red, Blue and Yellow OST",600,8,52,Game
Title Theme,Tim Follin,Treasure Master OST,601,8,51,Game
Music of My Duck,Shael Riley,Duck Hunt: Repercussions of Fowl Lamentation,602,8,50,Game
Flameman Stage,Yuko Takehara,Mega Man 6 OST,603,8,49,Game
Act 3 : The Swamps / Act 10 : Gargamel's Manor,Alberto José González,The Smurfs (NES) OST,604,8,49,Game
Overworld BGM,Koji Kondo,Super Mario World OST,605,8,49,Game
Pokémon Ruby/Sapphire/Emerald - Mt. Pyre Peak,Smooth McGroove,VGM Acapella: Volume 3,606,8,49,Game
Chrono Trigger,Yasunori Mitsuda,Chrono Trigger OST,607,8,48,Game
Pocket Logic,Cuttlefish,Cuttlefish (Re-Edit),608,8,48,Chiptune
Fighting,Nobuo Uematsu,Final Fantasy VII OST,609,8,48,Game
Nexus,Derris-Kharlan,"Derris-Kharlan, Singles",610,8,47,Chiptune
Dreams Come True,"Star Salzman, Protricity","OC ReMix, Mega Man X",611,8,47,Game
Overworld,Koji Kondo,The Legend Of Zelda OST,612,8,46,Game
The Paper Chase (Chase GBA),Diggi Dis,"OC ReMix, Donkey Kong Country 3: Double the Trouble!",613,8,44,Game
Street Fighter II: The World Warrior - Guile's Theme,Smooth McGroove,VGM Acapella: Volume 1,614,8,44,Game
"No Matter Where You Go, This Will Always Be Home (Mega Man Battle Network: Hometown)",Level 99,"OC ReMix, For Everlasting Peace: 25 Years of Mega Man",615,8,42,Game
Super Mario Kart - Mario Circuit,"Takahiro Nishi, Shogo Sakai, Masaaki Iwasaki, Yutaka Iraha, Keigo Ozaki, Kentaro Ishizaka",Super Smash Bros. Brawl OST,616,8,42,Game
Monster Dance,"Soyo Oka, Hiroaki Suga, Hideki Kanazashi",Famicom Grand Prix II: 3D Hot Rally OST,617,8,41,Game
Blast Beatdown (Nuts and Bolts),"tefnek, zircon","OC ReMix, Donkey Kong Country 3: Double the Trouble!",618,8,41,Game
anima,an0va,Ego Depletion,619,8,40,Chiptune
The Glory Days,Big Giant Circles,The Glory Days,620,8,40,Electronic
This Too Shall Pass (J. Arthur Keenes Band Remix),OK Go,Twelve Remixes of Four Songs,621,8,40,Rock
Snow World (Winterbliss) Castle Crashers Guitar Cover,FamilyJules,FamilyJules7x Year 2 Complete Collection,622,8,39,Game
Those Who Fight (Final Fantasy VII),Daniel Tidwell,Versus Video Games,623,8,38,Game
8 Bit,"Jérémie Périn, Simon Périn",Edge OST,624,8,37,Game
Level 3,Kulor,Alter Ego OST,625,8,36,Game
Winterstorm,Machinae Supremacy,Origin,626,8,35,Metal
Descent,DDRKirby(ISQ),9-bit Blitzkrieg,627,8,35,Electronic
Moon Fight,Sota Fujimori,Castlevania Chronicles OST,628,8,33,Game
The Legend of Zelda: Wind Waker - Outset Island,coatlesscarl,coatlesscarl's 8-bit Covers,629,8,30,Game
Xenoblade - One Who Gets In Our Way,coatlesscarl,coatlesscarl's 8-bit Covers,630,8,30,Game
With You,I Fight Dragons,Hey! Listen! v3,631,8,30,Game
Green Memories,Harmsing,Chronicles of Time,632,8,29,Game
The Legend of Zelda: Ocarina of Time - Hyrule Field,coatlesscarl,coatlesscarl's 8-bit Covers,633,8,29,Game
Marble Bombast,"Annette DiMedio, Farkle","OC ReMix, Castlevania: Symphony of the Night",634,8,29,Game
Enemy Down,Sabrepulse,Bit Pilot OST,635,8,28,Game
Halfpipe Gigashark,JANX RAVE GALAXY,Chiptunes = WIN: Volume 4,636,8,28,Chiptune
Candles Galore (Secret Room),PirateCrab,"OC ReMix, Vampire Variations: Volume III",637,8,28,Game
Go Straight,Yuzo Koshiro,Streets of Rage 2 OST,638,8,28,Game
♥︎ノンケの涙,sylcmyk,HalloWIN,639,8,26,Chiptune
The Fall of Halberd,Camoshark,Harmony of Heroes,640,8,25,Game
Boneyard Boogie,Monomer,Weekly Treats: 2014,641,8,23,Chiptune
Time Warrior,Sam Dillard,Chrono Cinematica: A Symphonic Tribute,642,8,22,Game
Disco Text,Roboctopus,Disco.txt,643,8,22,Chiptune
Battle! (Hop),"Minako Adachi, Go Ichinose",Pokémon Sword and Shield OST,644,8,22,Game
Wisp Inc.,GlacialSpoon,"OC ReMix, Sonic Colors",645,8,19,Game
Albatross (Above the World),Auxcide,Omnia: Original Soundtrack (Disc 1),646,8,19,Chiptune
Historia Medley,RebeccaETripp,"OC ReMix, Zelda 08: Wind Waker",647,8,17,Game
Sequin Land East ~ Day Travel,Jake Kaufman,Shantae OST,648,8,11,Game
Sandpiper Squad,Cityfires,Chiptunes = WIN: Volume 8,649,8,8,Chiptune
Results,Ben Cullum,Mickey's Speedway USA (N64) OST,650,8,5,Game
East Province (Riding),"Minako Adachi, Junichi Masuda, Go Ichinose, Hiromitsu Maeba, Teruo Taniguchi, Hitomi Sato, Toby Fox",Pokémon Scarlet and Violet OST,651,8,5,Game
"Until the Very End (from ""Mass Effect: Andromeda"")",Lazerwolph,MENU: An Homage to Game Title Themes,652,8,4,Game
Starlit Sails,Ivan Hakštok,"OC ReMix, Atelier Shallie",653,8,4,Game
Lights Camera Action,meganeko,Sequence Break,654,8,3,Electronic
Fi's Theme,Rozen,Ballads of Hyrule II,655,8,2,Game
Party in the Snowland,DarkeSword,"OC ReMix, Mario Kart 64",656,9,107,Game
Tight Finale,Jivemaster,"OC ReMix, Sonic the Hedgehog 3",657,9,99,Game
insomnic,insomnic,"OC ReMix, Super Mario Bros. 2",658,9,91,Game
Kirby...tacular ~ Theme of Swift Hunter,Rellik,"OC ReMix, Rise of the Star: The Kirby's Adventure Remix Collaboration",659,9,90,Game
Gestation,Daisuke Amaya (Pixel),Cave Story OST,660,9,81,Game
The Desert Rocks vs. Concerto for Laser and Enemies,Awesome-A,"OC ReMix, Turrican 2",661,9,81,Game
Tricky Swamp Style,Siamey,"OC ReMix, Donkey Kong Country 2",662,9,80,Game
ThemeofChao(PartyStarted),LeeBro,"OC ReMix, Sonic Adventure",663,9,79,Game
VivaminE Oldskool RaveMix,daXX,"Remix64, VivaminE",664,9,78,Game
BAD CARTRIDGE (E-Pro),Beck,Hell Yes,665,9,77,Indie
House 6581 (club mix - short edit),Dafunk,"Remix64, 6581 House",666,9,76,Game
Main Theme & Overworld,Koji Kondo,Super Mario Bros. OST,667,9,74,Game
Live from [SUBJECT HOMETOWN HERE],UMD Gamer Symphony Orchestra,2008 Spring Concert,668,9,73,Game
Addiction,Maktone,Infinite Game Music - The Chiptune EP,669,9,72,Chiptune
CPC Zone,Malc Jennings,"OC ReMix, Robocop",670,9,72,Game
Neighburgers,Protricity,"OC ReMix, Zombies Ate My Neighbors",671,9,70,Game
The Barbery Coast,Michael Land,MI3 - The Curse of Monkey Island OST,672,9,69,Game
Overworld,Koji Kondo,The Legend Of Zelda: A Link To The Past OST,673,9,67,Game
West Coast DK Island,JJT,"OC ReMix, Donkey Kong Country: Kong In Concert",674,9,67,Game
Downstairs,Random,8BP050,675,9,65,Chiptune
Cave Story - Plantation,Rare Candy,Bomber Blue / Gallant Green,676,9,64,Game
Circuit Breaker,Injury,"OC ReMix, Mega Man",677,9,64,Game
Pop goes Classics,DJ Mitch,"Remix64, The Human Race",678,9,64,Game
Edenal,The Wingless,Super Metroid ~Reserve Tank VARIAtions~,679,9,63,Game
Salvation for a Broken Heart,Nullsleep,Unconditional Acceleration,680,9,62,Chiptune
Coronation / Baba Yetu,UMD Gamer Symphony Orchestra,2010 Spring Concert,681,9,62,Game
The Link (Instrumental),Dicepticon,"R:TS, Zelda 02: The Adventure of Link",682,9,61,Game
Until the Tower Falls (Tower of Bab-il),"Nutritious, OceansAndrew, Moonlapse, nonsensicalexis, audio fidelity","OC ReMix, FFIV: Echoes of Betrayal, Light of Redemption, Act III - Redemption",683,9,59,Game
Breathtaking Vision,Kanjika,"OC ReMix, Sonic 3 & Knuckles: Project Chaos",684,9,55,Game
Battle of the Hylian Hero,Random Hero,"OC ReMix, Zelda 02: The Adventure of Link",685,9,53,Game
Temple,Akito Nakatsuka,Zelda II: The Adventure of Link OST,686,9,53,Game
Bit Happy,Freaky DNA,Retro City Rampage OST,687,9,51,Game
Sensible,_ensnare_,No Carrier Rush,688,9,50,Chiptune
Legend of Zelda pt1,YMCK,PiCTOBiTS OST,689,9,50,Game
Rainbow Road,Soyo Oka,Super Mario Kart OST,690,9,48,Game
Route 4,Junichi Masuda,"Pokémon Red, Blue and Yellow OST",691,9,46,Game
Sky Sanctuary Zone,"Howard Drossin, Jun Senoue, Tomonori Sawada, Tatsuyuki Maeda, Sachio Ogawa",Sonic & Knuckles OST,692,9,46,Game
Tal Tal Heights,dj-Jo,The TRIFORCE of BASS,693,9,46,Game
For People of Worlds,Alex Mauer,9999,694,9,46,Chiptune
Accident! A Mountain Rescue by Skies! Glory! (Frosty Frolics GBA),PROTO·DOME,"OC ReMix, Donkey Kong Country 3: Double the Trouble!",695,9,45,Game
"Humble Beginnings, Great Expectations (The Prelude)",Disco Dan,"OC ReMix, FFVI: Balance and Ruin",696,9,45,Game
Main Theme,Hajime Hirasawa,Star Fox OST,697,9,43,Game
Subtlety,TGH,SubtletyMachine,698,9,41,Electronic
Dank Taquitos,Ro-Bear,Three Years,699,9,41,Chiptune
Blue In The Face,Angry Sons,Minus World,700,9,40,Nerdcore
"Gobble, Snarf, Snap (Phantom Train)",XPRTNovice,"OC ReMix, FFVI: Balance and Ruin",701,9,39,Game
Ikanger,Katsuya Yamano,Teleroboxer OST,702,9,39,Game
Heat Wave,Simon Viklund,Bionic Commando Rearmed OST,703,9,37,Game
Title,Jeroen Tel,Turbo Outrun OST,704,9,36,Game
Video Game Guitar Medley,FamilyJules,FamilyJules7x Year 2 Complete Collection,705,9,35,Game
Loft,Most Noble 9,Maybe We're The Same,706,9,34,Chiptune
Fleet Glide Galaxy,Ryō Nagamatsu,Super Mario Galaxy 2 OST,707,9,34,Game
The Tragic Prince,Michiru Yamane,Castlevania: Symphony of the Night OST,708,9,31,Game
Act 2 - Family,Space Town Savior,Ad Infinitum³ OST,709,9,30,Game
Ancient Lake,David Wise,Diddy Kong Racing OST,710,9,30,Game
Lorule Castle 5,"Ryo Nagamatsu, Koji Kondo",The Legend of Zelda: A Link Between Worlds OST,711,9,30,Game
Woodlands (Normal),Ryo Nagamatsu,The Legend of Zelda: Tri Force Heroes OST,712,9,30,Game
Hyrule Field Main Theme,"Toru Minegishi, Asuka Ohta, Koji Kondo",The Legend of Zelda: Twilight Princess OST,713,9,30,Game
High in the Treetops,"Vince Guaraldi, Minako Hamano",Snoopy Concert OST,714,9,30,Game
Rubicon 99,Drax,A 90s Tracker Collection,715,9,30,Electronic
Home of the Calumma (Level III),HyperDuck SoundWorks,A.R.E.S: Extinction Agenda OST,716,9,29,Game
Craic in the Castle Walls (Cid's Theme),XPRTNovice,"OC ReMix, Final Fantasy IX: Worlds Apart",717,9,28,Game
Tunnel Scene,"Kazumi Totaka, Hirokazu Tanaka",X OST,718,9,27,Game
Awakening of the Forest Sage,Audio Mocha,"OC ReMix, Zelda 05: Ocarina of Time",719,9,23,Game
Galactic,National Broadcast Network,Chiptunes = WIN: Volume 8,720,9,22,Chiptune
The World Rises,Sam Dillard,Chrono Cinematica: A Symphonic Tribute,721,9,20,Game
The Brood (SM),Metroid Metal,Other Album,722,9,14,Game
Battle! (Team Galactic),Junichi Masuda,Pokémon Diamond and Pearl OST,723,9,6,Game
Kakatatamamariri 1,Taku Inoue,Touch My Katamari OST,724,9,6,Game
Area Zero,Lame Genie,Lame Genie Presents: Pokemon Scarlet & Violet (The Metal Album),725,9,5,Game
Dockyard,Ben Cullum,Mickey's Speedway USA (N64) OST,726,9,5,Game